metric,base_mean,quota_mean,mean_diff_pct,base_median,quota_median,median_diff_pct,base_std,quota_std,base_min,quota_min,base_max,quota_max,base_p25,quota_p25,base_p75,quota_p75,mannwhitney_U,p_value,cliffs_delta
commits_per_month,29.859420898027697,28.816894555009487,-3.4914486338449784,9.0,7.0,-22.22222222222222,93.70386025489839,82.53554241871674,0.0,0.0,20153.0,4028.0,2.0,1.0,29.0,26.0,3419477033.5,5.626507477941688e-40,0.04214437054069597
files_changed_per_commit,6.4663428821461615,7.123524758519445,10.163115200522228,1.9310344827586208,1.8333333333333333,-5.059523809523817,94.53976558111343,166.7364368376796,0.0,0.0,30462.5,30462.5,1.0,0.9739340439706863,4.005952380952381,4.0,3357704048.0,2.4274887579782237e-13,0.023317991986421916
avg_churn_per_commit,1324.6693448663798,1707.4455968594793,28.895984758499143,55.2,54.40909090909091,-1.4328063241106817,46822.74506680377,72795.15891646365,0.0,0.0,9406467.0,9406467.0,16.72111111111111,15.571428571428571,169.71333754740834,176.11569148936172,2271024533.5,0.1917966490333578,0.004587325698818578
issues_opened,5.374048765822587,4.806724733589606,-10.556733981295434,1.0,1.0,0.0,26.33230871924514,16.53577790969179,0.0,0.0,7349.0,1168.0,0.0,0.0,5.0,4.0,3412710906.0,5.962150572262057e-38,0.04008227694702493
issues_closed,4.5252942171225286,3.7716656123789596,-16.653692966349805,1.0,0.0,-100.0,26.53581635570472,14.000547492285765,0.0,0.0,7349.0,1086.0,0.0,0.0,4.0,3.0,3478507977.0,9.156327359038724e-89,0.060135064688819385
prs_opened,7.683009626646458,7.834630918203493,1.9734622097983334,2.0,1.0,-50.0,21.46196070342745,29.582660738401707,0.0,0.0,1240.0,1240.0,0.0,0.0,7.0,6.0,3385676233.5,2.1183036524224056e-24,0.03184299606305628
prs_closed,7.558602288598969,7.698895430879276,1.856072550502066,1.0,1.0,0.0,21.491574334287268,29.48109641961009,0.0,0.0,1250.0,1250.0,0.0,0.0,7.0,6.0,3389228975.5,1.992452289427037e-26,0.032925755221550716
pr_latency_hours_avg,697.42220746593,751.42227968257,7.742809397029124,116.7237962962963,118.58925925925926,1.5981856503601035,2385.039289035333,2608.5045504295813,0.0002777777777777778,0.0005555555555555556,93127.94972222223,83176.81055555555,21.72111111111111,20.32539682539683,458.9295555555555,480.0940277777778,1208579656.5,0.9833147256983483,-8.621857443629693e-05
pr_merge_ratio,0.7836848453168475,0.7835337445597963,-0.01928080630295567,0.9375,0.9523809523809523,1.5873015873015817,0.31328030750358926,0.319067902991556,0.0,0.0,1.0,1.0,0.6666666666666666,0.6666666666666666,1.0,1.0,1194924387.0,0.0035939674982653717,-0.011383853851263552
merge_ratio,0.12176820368441338,0.12221113386867934,0.3637486395166835,0.0,0.0,,0.17399355380628323,0.17631005792745036,0.0,0.0,1.0,1.0,0.0,0.0,0.20930232558139536,0.2109109268707483,2268824638.5,0.27084943503376624,0.003614202510465227
releases_per_month,0.7010854247436756,0.6429127536372926,-8.297515403012632,0.0,0.0,,3.0669032696088974,2.772810032203358,0.0,0.0,325.0,133.0,0.0,0.0,1.0,1.0,3362544066.5,5.803569767288411e-23,0.024793070772935962
bug_issues,0.9446953232160641,0.7828086224514622,-17.136392738082424,0.0,0.0,,3.922793715330017,3.135978712756937,0.0,0.0,725.0,261.0,0.0,0.0,0.0,0.0,3380554996.5,1.0806141001110182e-36,0.030282211107500675
bug_issues_core_dev,0.22450066077501707,0.167704734562795,-25.29877908428074,0.0,0.0,,2.0177575048392433,1.108250226978714,0.0,0.0,412.0,112.0,0.0,0.0,0.0,0.0,3328519636.0,3.9196411173242996e-21,0.014423541058582302
bug_issues_external,0.720194662441047,0.6151038878886672,-14.591995752395933,0.0,0.0,,2.847691119081373,2.5338800294911143,0.0,0.0,321.0,149.0,0.0,0.0,0.0,0.0,3361884759.5,4.880923222601513e-28,0.02459213563818385
