source,group_id,group_name,metric,mixed_effects,repo_RE,repo_RE_slope_intervention,lang_RE,lang_FE,controls,skip_transition,robust_cov,apply_log1p_y,trim_outliers_1pct,n_obs,n_projects,coef_time,se_time,p_time,stars_time,coef_level_gamma,se_level_gamma,p_level_gamma,stars_level_gamma,coef_slope_delta,se_slope_delta,p_slope_delta,stars_slope_delta,coef_log_total_commits,se_log_total_commits,p_log_total_commits,stars_log_total_commits,coef_age_at_travis_months,se_age_at_travis_months,p_age_at_travis_months,stars_age_at_travis_months,coef_log_num_authors,se_log_num_authors,p_log_num_authors,stars_log_num_authors,wald_time,wald_intervention,wald_time_after,r2_marginal,r2_conditional,vif_max,vif_terms,direction_by_delta
QUOTA,overall,overall,code_churn_size,True,True,True,True,False,True,True,HC1,False,True,6374,81,-2.0519142760393945,0.8703716886545068,0.018397714033683316,*,-134.45493597034343,77.94437130146072,0.08452540210825588,,1.5063181133653747,1.2660677501993243,0.23414031710609728,,82.68140422166111,55.81484031965991,0.13851289921520096,,3.3690591637242076,1.7806722210971568,0.05848893653306505,,-46.12501733095451,55.17868561173711,0.4031993957389578,,5.5578767827013404,2.9756646359621985,1.4155313890197485,0.01214697779183252,0.18517208374748068,24.83275858192002,time:10.728;intervention:4.614;time_after:4.551;log_total_commits:24.833;age_at_travis_months:7.876;log_num_authors:19.903,ns
QUOTA,overall,overall,commit_frequency,True,True,True,True,False,True,True,HC1,False,True,6441,81,-0.14169572767579577,0.020032284475630508,1.51217345900506e-12,***,9.824842865974224,3.0700050751830275,0.0013729925561092914,**,-0.09773039442320772,0.029408111139456385,0.0008897633863379574,***,16.132006355958897,1.551692885931415,2.5750126854205836e-25,***,0.0136772229227815,0.04838331080705763,0.7774185263433336,,0.5190169315475149,1.5572453874638092,0.7389141190296724,,50.03254030041536,10.241723327790377,11.0439654933637,0.17365261485629482,0.5083345291347532,24.414032001404056,time:10.743;intervention:4.62;time_after:4.586;log_total_commits:24.414;age_at_travis_months:8.1;log_num_authors:19.46,down
QUOTA,overall,overall,commit_merge_ratio,True,True,True,True,False,True,True,HC1,False,True,6443,81,0.00011621436548009527,9.284166782922585e-05,0.21066172923768078,,0.018051821482179247,0.012676897879136772,0.15444832394426897,,-0.00035470992612877283,0.00013574329339364195,0.008972673490459295,**,-0.009770381906058657,0.008687199232942798,0.2607216015304378,,0.00017272914192909184,0.0002573007475526224,0.5020216369902626,,0.0138521735940807,0.008897263816197524,0.11949360071193964,,1.5668728791028599,2.0277577805770943,6.82825796673693,0.011518499229124835,0.30004346760815936,24.62079574323169,time:10.693;intervention:4.587;time_after:4.539;log_total_commits:24.621;age_at_travis_months:7.905;log_num_authors:19.775,down
QUOTA,overall,overall,issues_close_count,True,True,True,True,False,True,True,HC1,False,True,3406,80,-0.00795367082004656,0.004970471437955654,0.1095576834187398,,1.5933209273867157,0.43268937041933203,0.00023107870440973298,***,-0.019034102237793667,0.006631538995734571,0.004101615762734348,**,0.40562208809632616,0.2258741260450173,0.07252820962355563,,-0.004093056085618495,0.006145999094812551,0.5054297488642625,,0.36812059239734635,0.21270417064712457,0.08351075181227505,,2.5605900910712895,13.559824484513936,8.238272247979268,0.03212086839172071,0.13995614335485917,31.540366427317938,time:11.64;intervention:4.961;time_after:4.899;log_total_commits:31.54;age_at_travis_months:7.505;log_num_authors:24.88,down
QUOTA,overall,overall,issues_open_count,True,True,True,True,False,True,True,HC1,False,True,4673,80,-0.00870733153691589,0.004059143602568279,0.03194361978145956,*,1.5576612112715418,0.4488559807344409,0.0005198933011083927,***,-0.01681810648336426,0.0053619214128851145,0.0017092959873861557,**,0.599710831010826,0.26869673276998646,0.025619950842707146,*,-0.009799556145713826,0.007378016628331133,0.18410871132409012,,0.5510992838412314,0.2557426300623145,0.031169816383431966,*,4.601520168347869,12.042924898009977,9.838146987032676,0.05901836066712706,0.2718349806884292,29.145319800309167,time:11.63;intervention:4.789;time_after:4.86;log_total_commits:29.145;age_at_travis_months:8.313;log_num_authors:23.212,down
QUOTA,overall,overall,modified_files,True,True,True,True,False,True,True,HC1,False,True,6374,81,-0.015285475095716369,0.005705889694972624,0.007386571806235828,**,0.1164111262917038,0.522350222490076,0.8236442368198931,,0.008425717272103323,0.008301588507843178,0.310128512859993,,0.9656291201939304,0.6222719586341564,0.12071489600427865,,0.01984256725592893,0.018374623131088567,0.2801912763414198,,-0.20911403495999617,0.622519055946068,0.7369343035458182,,7.1764744033590935,0.04966671246492376,1.0301283968240722,0.010124819538533262,0.29987394329847983,24.8327266685063,time:10.727;intervention:4.612;time_after:4.546;log_total_commits:24.833;age_at_travis_months:7.881;log_num_authors:19.908,ns
QUOTA,overall,overall,pr_latency,True,True,True,True,False,True,True,HC1,False,True,4309,82,5.753659327192283,1.2924681451776316,8.519961621823309e-06,***,-214.14968039515037,87.88933210064428,0.014826753350283974,*,-0.6082600508059354,1.612881594544358,0.7060797551234709,,-131.86373584045816,42.512659149386025,0.0019237889532161374,**,-1.8458253935772375,1.6886950997334123,0.2743725713853188,,33.03305722964101,44.96531146832425,0.46256228182412573,,19.81748743788109,5.93693826381257,0.1422242380695685,0.024486379446793268,0.11575610215467384,35.700791073414415,time:14.962;intervention:5.549;time_after:5.815;log_total_commits:35.701;age_at_travis_months:9.938;log_num_authors:26.969,ns
QUOTA,overall,overall,pr_merge_ratio,True,True,True,True,False,True,True,HC1,False,True,4396,82,-0.00052163828854159,0.0003391242954690673,0.12400166907972339,,-0.003960454161563216,0.02939719616299615,0.8928315411076281,,-0.000294383182378281,0.0004147981728838226,0.4778888178482308,,0.01202445123225751,0.019768139988045386,0.5430055726780594,,0.0001494959917494184,0.0006206517178079056,0.8096563581216331,,0.027175403335419977,0.020230442782817104,0.17917725930316863,,2.366034721806001,0.018150064029617486,0.5036772350184925,0.015761672416101147,0.30632582201788616,35.3623799968103,time:14.945;intervention:5.534;time_after:5.803;log_total_commits:35.362;age_at_travis_months:9.934;log_num_authors:26.602,ns
QUOTA,overall,overall,prs_close_count,True,True,True,True,False,True,True,HC1,False,True,4352,82,-0.013007206952351608,0.011073769798860383,0.2401563394839039,,2.5736716141313725,0.8266637085465172,0.0018499307415832536,**,0.04909402352652633,0.013600610445946095,0.00030656002751162063,***,1.5384994242025145,0.6386321639302356,0.015993927515594322,*,-0.011664657679460856,0.018007709002241242,0.5171407617457057,,1.0397341002534297,0.6599561473531876,0.11515044827858126,,1.3796760266282788,9.692783695580447,13.029881008504157,0.10066353073011249,0.24953339960840581,35.0594280702868,time:14.929;intervention:5.549;time_after:5.825;log_total_commits:35.059;age_at_travis_months:9.849;log_num_authors:26.368,up
QUOTA,overall,overall,prs_open_count,True,True,True,True,False,True,True,HC1,False,True,4827,82,-0.020391596193676434,0.009340487080953726,0.029025460464960566,*,2.5973303928195097,0.7482421013943242,0.0005180543531848515,***,0.05504051872172172,0.01151921413247889,1.7691647631017383e-06,***,1.516257369840638,0.5995707654692316,0.011441906697626347,*,-0.003511006624306593,0.01699089243380372,0.8362906230618227,,0.8742158745810966,0.6172568777163738,0.15669007810568608,,4.766102703356975,12.049530155206625,22.83070557139805,0.10489892941201198,0.28302220418032503,34.17604167613476,time:14.819;intervention:5.455;time_after:5.74;log_total_commits:34.176;age_at_travis_months:10.001;log_num_authors:25.316,up
QUOTA,overall,overall,releases_count,True,True,True,True,False,True,True,HC1,False,True,1859,81,-0.004164509179438388,0.004020355850869672,0.3002693913450386,,0.2873895168153847,0.3171943985982318,0.3649168437061642,,0.014498965178202159,0.005419335847304559,0.007463709415253869,**,0.14423212780345815,0.1396767262637484,0.301784624826829,,0.006885499889110441,0.005094789214116015,0.17654208916732583,,-0.1504253696261203,0.14442003127734318,0.2976053100437346,,1.0729973688953376,0.820901077262183,7.157838276004592,0.019010784064673405,0.18313827383809247,26.013037998966286,time:17.479;intervention:6.26;time_after:5.712;log_total_commits:26.013;age_at_travis_months:12.693;log_num_authors:18.051,up
