bucket_id,bucket_desc,bucket_name,numeric_count,percentage_count,open_issue_ratio_level,project_age_days_level,ci_type_value,mainLanguage_value,open_issue_ratio_numeric_range,open_issue_ratio_percentage_range,project_age_days_numeric_range,project_age_days_percentage_range
0,open_issue_ratio=high | project_age_days=high | ci_type=GitHubActions | mainLanguage=Java,JGAI,24,3,high,high,GitHubActions,Java,"[0.349869, 0.699739]","[0.559791, 0.699739]","[3535.075000, 5824.980000]","[4909.018000, 5824.980000]"
1,open_issue_ratio=high | project_age_days=high | ci_type=GitHubActions | mainLanguage=Python,PGAI,7,0,high,high,GitHubActions,Python,"[0.349869, 0.699739]","[0.559791, 0.699739]","[3535.075000, 5824.980000]","[4909.018000, 5824.980000]"
2,open_issue_ratio=high | project_age_days=high | ci_type=TravisCI | mainLanguage=Java,JTAI,46,1,high,high,TravisCI,Java,"[0.349869, 0.699739]","[0.559791, 0.699739]","[3535.075000, 5824.980000]","[4909.018000, 5824.980000]"
3,open_issue_ratio=high | project_age_days=high | ci_type=TravisCI | mainLanguage=Python,PTAI,24,0,high,high,TravisCI,Python,"[0.349869, 0.699739]","[0.559791, 0.699739]","[3535.075000, 5824.980000]","[4909.018000, 5824.980000]"
4,open_issue_ratio=high | project_age_days=low | ci_type=GitHubActions | mainLanguage=Java,JGaI,51,0,high,low,GitHubActions,Java,"[0.349869, 0.699739]","[0.559791, 0.699739]","[1245.170000, 3535.075000]","[1474.160500, 2275.627250]"
5,open_issue_ratio=high | project_age_days=low | ci_type=GitHubActions | mainLanguage=Python,PGaI,78,1,high,low,GitHubActions,Python,"[0.349869, 0.699739]","[0.559791, 0.699739]","[1245.170000, 3535.075000]","[1474.160500, 2275.627250]"
6,open_issue_ratio=high | project_age_days=low | ci_type=TravisCI | mainLanguage=Java,JTaI,10,0,high,low,TravisCI,Java,"[0.349869, 0.699739]","[0.559791, 0.699739]","[1245.170000, 3535.075000]","[1474.160500, 2275.627250]"
7,open_issue_ratio=high | project_age_days=low | ci_type=TravisCI | mainLanguage=Python,PTaI,12,0,high,low,TravisCI,Python,"[0.349869, 0.699739]","[0.559791, 0.699739]","[1245.170000, 3535.075000]","[1474.160500, 2275.627250]"
8,open_issue_ratio=low | project_age_days=high | ci_type=GitHubActions | mainLanguage=Java,JGAi,105,5,low,high,GitHubActions,Java,"[0.000000, 0.349869]","[0.034987, 0.157441]","[3535.075000, 5824.980000]","[4909.018000, 5824.980000]"
9,open_issue_ratio=low | project_age_days=high | ci_type=GitHubActions | mainLanguage=Python,PGAi,50,2,low,high,GitHubActions,Python,"[0.000000, 0.349869]","[0.034987, 0.157441]","[3535.075000, 5824.980000]","[4909.018000, 5824.980000]"
10,open_issue_ratio=low | project_age_days=high | ci_type=TravisCI | mainLanguage=Java,JTAi,261,27,low,high,TravisCI,Java,"[0.000000, 0.349869]","[0.034987, 0.157441]","[3535.075000, 5824.980000]","[4909.018000, 5824.980000]"
11,open_issue_ratio=low | project_age_days=high | ci_type=TravisCI | mainLanguage=Python,PTAi,202,31,low,high,TravisCI,Python,"[0.000000, 0.349869]","[0.034987, 0.157441]","[3535.075000, 5824.980000]","[4909.018000, 5824.980000]"
12,open_issue_ratio=low | project_age_days=low | ci_type=GitHubActions | mainLanguage=Java,JGai,289,37,low,low,GitHubActions,Java,"[0.000000, 0.349869]","[0.034987, 0.157441]","[1245.170000, 3535.075000]","[1474.160500, 2275.627250]"
13,open_issue_ratio=low | project_age_days=low | ci_type=GitHubActions | mainLanguage=Python,PGai,302,44,low,low,GitHubActions,Python,"[0.000000, 0.349869]","[0.034987, 0.157441]","[1245.170000, 3535.075000]","[1474.160500, 2275.627250]"
14,open_issue_ratio=low | project_age_days=low | ci_type=TravisCI | mainLanguage=Java,JTai,47,1,low,low,TravisCI,Java,"[0.000000, 0.349869]","[0.034987, 0.157441]","[1245.170000, 3535.075000]","[1474.160500, 2275.627250]"
15,open_issue_ratio=low | project_age_days=low | ci_type=TravisCI | mainLanguage=Python,PTai,61,1,low,low,TravisCI,Python,"[0.000000, 0.349869]","[0.034987, 0.157441]","[1245.170000, 3535.075000]","[1474.160500, 2275.627250]"
