bucket_id,bucket_desc,target,available,sampled,shortfall
1,open_issue_ratio_bucket=high | project_age_days_bucket=high | ci_type_bucket=GitHubActions | mainLanguage_bucket=Python,30,7,7,23
6,open_issue_ratio_bucket=high | project_age_days_bucket=low | ci_type_bucket=TravisCI | mainLanguage_bucket=Java,30,10,10,20
7,open_issue_ratio_bucket=high | project_age_days_bucket=low | ci_type_bucket=TravisCI | mainLanguage_bucket=Python,30,12,12,18
0,open_issue_ratio_bucket=high | project_age_days_bucket=high | ci_type_bucket=GitHubActions | mainLanguage_bucket=Java,30,24,24,6
3,open_issue_ratio_bucket=high | project_age_days_bucket=high | ci_type_bucket=TravisCI | mainLanguage_bucket=Python,30,24,24,6
2,open_issue_ratio_bucket=high | project_age_days_bucket=high | ci_type_bucket=TravisCI | mainLanguage_bucket=Java,30,46,30,0
4,open_issue_ratio_bucket=high | project_age_days_bucket=low | ci_type_bucket=GitHubActions | mainLanguage_bucket=Java,30,51,30,0
5,open_issue_ratio_bucket=high | project_age_days_bucket=low | ci_type_bucket=GitHubActions | mainLanguage_bucket=Python,30,78,30,0
8,open_issue_ratio_bucket=low | project_age_days_bucket=high | ci_type_bucket=GitHubActions | mainLanguage_bucket=Java,30,105,30,0
9,open_issue_ratio_bucket=low | project_age_days_bucket=high | ci_type_bucket=GitHubActions | mainLanguage_bucket=Python,30,50,30,0
10,open_issue_ratio_bucket=low | project_age_days_bucket=high | ci_type_bucket=TravisCI | mainLanguage_bucket=Java,30,261,30,0
11,open_issue_ratio_bucket=low | project_age_days_bucket=high | ci_type_bucket=TravisCI | mainLanguage_bucket=Python,30,202,30,0
12,open_issue_ratio_bucket=low | project_age_days_bucket=low | ci_type_bucket=GitHubActions | mainLanguage_bucket=Java,30,289,30,0
13,open_issue_ratio_bucket=low | project_age_days_bucket=low | ci_type_bucket=GitHubActions | mainLanguage_bucket=Python,30,302,30,0
14,open_issue_ratio_bucket=low | project_age_days_bucket=low | ci_type_bucket=TravisCI | mainLanguage_bucket=Java,30,47,30,0
15,open_issue_ratio_bucket=low | project_age_days_bucket=low | ci_type_bucket=TravisCI | mainLanguage_bucket=Python,30,61,30,0
